,account
0,JjqPVCpb8ARvnrjg05WU93ubqXajG9uYxa13NHiOEx1xa8k
1,BpQGewaOcSN-wRbI1CT_A6xlu1pL6oKlhazAw8kwzVVe-noPyNKVdBUJ
2,Qay_WDWo9fmkGvnuP4xFgokf_crEcZoRKUrMPjc8ohFe_H30aahGZyhl
3,HYdT1jqwx_DogKMJZ2gewhp-yfXctk7H6ahHy0jnxL2C8iU
4,Vj18EZIwwW4mWiLLBedBmdXaKJHw_2IZT695XQqtCq-i8zE
5,rgsGVFSsZP3rmZwqg0h1heILGaSPoE4NUSveS_zwmqQ0
6,Kiail_WLQNFCOnEQB7qMrX0_FY_zo8Eqfzq5E6S49L8hL3bBaLCYEbP8
7,1vLiaE4xltrBuvEOA8WSyhqviWKXAB8U0NWT6EUvJYsw6s4
8,pEGBWWWENRTHBgo_o6fD0i64dUw3rE2Bu2Eseuq9WnW_Nqbm8loseL63
9,YuoAJCyjRVSc0ZCZRcveugG4VIYS9JhBf5896N--Y2NCiTuRApPPg5MF
10,KHr4YSU77aaY_GLDlqQGOeYAq0Stlxfbo4jwBuJ8Q07Jb_4
11,yO5z9KJCFhSaNE_kqIfw0oLNxpu_7CXWJFOGqatUWx0Jeoc
12,D2-65H2tKfJ8btPRprc6P3aGSzD14OERbHQczo0M1Lv9Sn2ZsiWvX1al
13,aInlC7_Sg1LZF38i53iub3Krt9u2EmgZaTVuR_MCqsrZYpKhnWyKQnCt
14,Ikcf2iVLttomJm6-sQNDGo-AYg_oM_djH7s-o2iDcEqkKIdir197SWCM
15,b99IO2piM5Pqh1sGQDSBFNl4m_sDzLVIqDnxqXRt5TibrLU
16,UMjspsxrcqBv4k36FB4wyUUQi-KDM0w9T1LIBT2RhE_hRrM
17,EP7L422cMweyQrJ_0TfeRjSVz4nkkpRnPDv0zLCqrLsiWNKbtFe-WyMv
18,vKlpn8y21qlaD4peRlj9xZvFVCivwerfLdtTGpRh7J61zD0
19,od96zlgtP39R0x3JihxERW2yDW0_7LiMqHZhF3BDD8vMaqg
20,LU6xLR1QiWEsL6W9k9eRtUEPCqP8EWQDDMOLO12FXNSJoBw
21,o8Y1MUR17tsPe0604jw-Zlcq94f1WJ4Ss94Y66tj3C58CuWYVJFYyPIA
22,mBn0rBnxRZURgvTUE4L7ljMfTD5dXQpA3DTQ1eHK-GUX
23,KriiexBlpSe-UNW4jjR36UWpY9hQp3F5VZlIG8YHYJYczuoxI7HqJikv
24,QSsLT5sMqqdUQnPXtAoTu0ni54x8DaqDEDbN_ubYBikbOyU
25,q4PuvuihFGqdDd0w2Uh0qaQqjO-NAjKB0sNrSXgEU3PQ
26,_q7BiZeS8K01WhCfFZw9Eanyi0xZZ3QBFAyUOYRzbanyXy8
27,mlc3mj__ib6w-T7aretsHJUtSykXRJtaOeB97bQgtkwHhlbWK-IX1Ce1
28,DVMVn2JJ2xyRQpylHuX6f3gkj2wwZOWAbwC4ISJ-_BUUngJGuxU8JGrd
29,lzkZ1-psJUr-69-9Q_ioeosT0c97djLsizpFWjsQThAH7xuPZsCDJ9Qb
30,DjvYXOdj8X7fvtb_sXxmNR65ebn4EB0UCrkp6Mum1kH3SNBoVwO0ABgE
31,3vyJ_GSOhbOQVYMJe7U9y99Ikra-hZ4FPJL7OPpYloXWPvciFpa4urJ8
32,258CvExcRSNKv9MoNhWBJBKTzNaRKJqSIJokr4WShA_pGGVo_RzX-l2S
33,cs33c4GdPwYQzw5330juKwZpIu-Kl-ZDfSvuxeIQFIMWgg99jrATmubd
34,ZZAz0P1fetgyP8GglQuY7Byqsy7EYOsebrvLyw4risaQfwQ
35,D1Ct0TYB_HlEeBwyeKj2tjKPSTcgAtsTZK3yiUis-uAM7g4
36,2wf_nKP4dC-K4stIWgBjqO1cyonUKHM8sGlv8t4FXngYdhjyY8__z74c
37,7p4XS7QcuhEVWYiqeWIq2sv6FoRKjvEUQj8-7phNRYxvq8o
38,NDrb323f4nP_SwMD4460sh5N7Xsgqw8yfywu87ztxpKJNaQ
39,uNpFrNPt0uwyZZHFbg-73FsajqWvOZFs27y8EIr91Q060PNIIpS2FfX1
40,tEllJsgBDujiH-9B3xcTxxMgov7n5BcSw4R7plUzQVjbO90
41,iMe9Nsujk8zr5BDFPbwNllN1Ym3HJ77yvBtP2p9oWKrMy60KmwYfyaM4
42,CzSEGVR3LoFpl5LYgmFJSfkMju1Dj0Vwqz2jNEDPyAcn6Cg
43,aLPx_T3n2pbqcINdCUVBCcqrD_zaGW4z-K7uWAd15VuC
44,nJAs4Q7dkCCnMQIp9DQjhYk3hnS9cuZH5DQl3bnkRgQ382M
45,uVtpnP1klYqqk2UfT-6SlXO5MGD5wczBUGKsmVx-cclxvl0
46,7gI_fE43s0zBphGnpsyeggvNNWuFd8gDTn9rDDRnm-I7FA5Gyeu34jCP
47,cHEcG369fusXtCfO2K_AEn39Q20Oz5d7Q9Z7O_lIzrHmYG8
48,GlPq4pNh3PrtPbuZ5hx54JkUQkk3HsNQODHYp8FRKoXJ4VQ
49,6SJNRsweCwlwmWSBkDcdzBqzEVjagR7BfObynG1sSWQ2n9h3WGr2Sqqf
50,ap9tTYQ8gcxebnTgSOgG3-gaMdh43RO9Qj59nxq7-iTVDWMu6urTtXU6
51,J7iPa4yPsCZE_qUFKWShO4rzQK4cIJbAvID6IHGzVPoh4oo
52,JVEqGe3uqZ2wcpXo21PjJx4OgOmSbC0BzCjvKPoJkogTX3tLbz6uUZFv
53,PSHRMC5R9erjK_j4ECmDjfbyqOeC3uqMhHVv1Efeb4PW5TM
54,HcTTglN-cO_a65NMpkxrf6BCR8_d0YyoetCZFKFvMpWr
55,4cZoRasQVOqnthtNO0ZJ7nQtZ45SPMlwtjfB6IjSOrVjwNc
56,9R1Vm5MGYNdPu3UBH1m34xK4OEmygRCD_7GFxOsmmPmIipEHZu9aeJR-
57,x7GzaehF9zNSWVX-i4W-ynwMXHIKJD4Qv5WZMU9DEJsi
58,sFIc7KK2GaeCVhKZk1FriwkAlgr8tYe1oH-1xWz8nFrA-A0
59,ZU8msFVymdutAkVME2LWi73olHcQ0dY1zxbxklO4O9qPvGc
60,-7q7PvjhdnBO8T_kIT67uYSomkHMVh1kbdXvH1iA1DiZGEg
61,7-7WxcA72ZkwJBMTDHQcpC9yrzcS2xp1O_zVBSBWjccBZfQ3A8ekzbB-
62,PaBjBFkiQ_zbzooqwuB0wOsFp9fa3JII-mB1cj3T6m2azZU
63,HnZ1AXMrg_ibZMWGfsf1d1K2JqNn3cmj5RB893yMFQMaN6NjGEIrgvou
64,hNRkHuC5xlqLJaaxEGHVU64n8uDft2iZfpO-uVI2HGJwe05nrPXRtqBU
65,gPWAKYOFwmOr3SMC8nb96nvkJD6eUg1MKcNDQO79W6e7jTrRXCunDHaF
66,EwNoBC07fXiXqaxN--mlCcJQmoNan6H_gU28JaA8Wy0G46-tcBvz2Rei
67,zZRXS8eVdfcvrZk6jbdcQYTbbVxi-0SF3Kfnzk7FtDgeNxQo-esQu05O
68,rLPdrb5WoGavIUyKdXRPhVOvLNsoXzgS2SW_jiZEFnfR6Ms
69,l56ZaiwSPJLDBXeZ7C0XkfU02tcc5VpFcU-88O2lMre_
70,UoBPmhWytv34vmbDgp-8O2IsWfMoDYbekPb2bUDDCCqErGp6-TKyX9fQ
71,n9DSD55OGlqYmxAMfJ0ryUNh51vwt3-KUDD0drSk-nVA8ks
72,8i_PkMRT4ADKv_BLwERZ3kxOvkLBw_tkWICSuqc2T3KaB-I
73,xBmz7wCwATbfE1UP4-iazrPIJnHGT5H_UUajLwca2nxI
74,kqvZWbQ4glYl-QveggFAqZGdBW0YBOV74ny0odpxb0IhNjTCQzPpHEHa
75,67wEHO9Jeefq35-muytro6czeCtqJaIW1nr75-BYGHw8gQ0
76,NwPwrb5jO5BrofEUsTUeyyfwHP6kT3w52zgoxzlgi7oMN6hOp9CnIoNj
77,2n8OQ0UNigtOBP2h8XfrSe55nT4HHxtEw5fkJgcQ0E9GyUsLCPkZC5uI
78,Ulkk6ZFH43Kl41-1HH67_mMbT1Bk89UEVEPfKqcQqV4qn_4
79,WQgVy2LdnXChJrlgbjGEUDifBybjz7w5I_3cQHtlDoCkhCMQ1PHGJoHK
80,umyRqqml6_eqLpZ65V925Jwf-nkEA8WxmY85pmb-6SUU
81,i34KhHNDtpkk46gotK2bV1axUWXu2haxnucaoELwUm6z
82,krSKUTGc5-SbJnabPOxdbT7nxtfghDj1mn2Bxkc4SueGaEs
83,ap8HkK-tmPJXZeDRuo-ZN3YXTvFZiT4nsjQa2fknv669-9sNjPOw6yIH
84,nwBYtOawZT7nKCbyVi0ITzbbMqrQUaW0n1R7Ign_gE05l0mM5hDCFm7C
85,SYu2DcGaxs5T_bVr3hiXh_n1m9QplQF0_9W5Apr4Uwh9
86,BP_DmYfhtsuR2F329FLm2ja3OzfXqObbrUeTJhpgxtD_CCnzIz17hSHx
87,R8D2RrH_luC2xG23X_Ks987y2t8HnQglbqH97ZmewUVs
88,41lyp9EIxRdpqZO-p-XaULefCRN1s7lOWi7GqLCHRlnvb3g
89,aYAktMy6QdqTx8higk8Dq1QKxJYGGvXwzyjxlo6bLRmn-dc
90,DDl5D0OxEkdVmlPChE1yGV_kiR4mwA5iiruiR7WzRTcT-AE
91,Ad4oRxao5ZNqC1ge1ucnJcTNa6_oo3fr5xyRKBO1dYDYnQw
92,pfLr-cSaTFd2xjVw_21HY4afGoAwJFcLw6nLI4qes1gHUcI
93,SETSCTOSjBUJjdIvjmeDHqrjn3fslY41lFs_5futmRBQ
94,EK-vly-fQyNM0phrl791urC-I9f_sosC2srOD3dw5aa3
95,3XVYGvV_88bPXgQGIBEc4yV_BshC5tNZ9ZsmVDOkRYs5IPs
96,6qAO3y9DatCbyoxu2t6kGOmcR8lVHAGqwTFJYzyEE9gk
97,hY1IDH1Yd0eDVvGAaCs2iA9NCsoA5t2Yn2HgwUvbyR20
98,0R61ByXOu_miYFqttlJ9H5RJ8r4goz-XHLTwr5o8vKaJUrmNcXEN_FtM
99,sE4FCu8bj5FKFmCwPa1NXO-EXYFsO2COkE-zocTdOU54_qk
100,BLaTblNFvlG-BJsNLrAhg23bmL9RKdGyH4-lV_CvEIfypkszuMlzmGtn
101,tLstt_1v4wWxxJa64uEvOiOjiPk9wwtDsxA8yUbW9e74104
102,1nHp4f23zxgTi1snBh2oiKRJ4lqARMRwmpcOzaAS0chJNi0
103,cQhUJL2ocQlajmW1SfpCROyjQhea5hvEo7bLQNMLjImAONSB7oH4y3kR
104,OnrB_HPgEfWV17QibrAQkpkIERHhyO_uns75kfAY_b_1Hfg
105,b7B_eKaFrv8cDt0hvFu1oM9trSab0Uh1jniZAusVnrwY
106,UIFQ_fEcAbQc62PGQF21oIPxqYmARcMQhB6uXVxsRYFbEOw
107,DjEJyVw9nZXrQoxEruukUFzrYHfI0TSPavS3wZStiUVv_8c
108,w7g_qHcCR6hs4N8JQpGW_6jFYwrJza5ktl3dDExW8glrEyoN-z1KbTh7
109,3DNIGaGkJR-F6uEwxUk45O4V9FqQG6LkmYgIOXZyeZ23vRE
110,kMuvdx6rgKMuv6OBb8K2IERxyDBWYFX6AiQKHI8DvfcP3uC4cdM_ZnMW
111,mt8DsiX9Pfk6vbMoGoaRktjum9xh2RXCtDmhfUSzqsaFmWE
112,fMJbjG6OyjJAeBzbbSoswB5uUb0kTVvwYnHTflVYb21p
113,IzYQRPjujuwOLI7FeIIg3vPQ-D4fZuP5KQs4xqLcn4ng1xE
114,2TFtnzxbIyyEPx6nLDI2xutxWSTO8R1lY9Kr0Ks4ym5pvbk
115,LO_XzPblaUH0oQCkcRzhFKjjE9asi0N5EFN3GWH40lwqY9c
116,WKl7bCJSwnS7PvWkD3qz_6B8Z-3B8tT1QM0CMPJ-RGNG
117,MqCddA8rvDIrHgsTI2mHusMSCq76Gb1-L9CvCL_945vn_Is
118,3z9YZeucJgBBP0-7bTGHmtUhz5gof7ppiyVwU4Hn6hC0IDA
119,NtjO1CB6t3C4tJQ8GrIEkRSKC25oyC9nC0DE7yWm_QgJisqHWvrvKi-i
120,jEAfGnmBKYkJkcDuiurRbP9BWZAfB_RRWTrvqFCux834mt7wUVCCIQ0N
121,FLB6HC8WlQI4zj-1ImSsbsiuxDfLGSlIhZyxAgOlqjRj
122,vCHDHQwVt0TFIJGshPEHkqM5gnJj1bArUBAzyq2E6ZoxbLY
123,DSFhtjl8CVmmQSIAljgt8V-zTHt36RiuAWel8L8thucxviw
124,sE43EThegmrZHpg00l9TZPWQ38K1dP9GTVgtCMajjWubU5o
125,arcL1nv5uTkDejAP7v0WwHULOypqO-H1wLJB53NJCkPf7_I
126,mEJyeDd08xETcgG0OfLu0WXGovy7OheX-syJCSie3R6PiKfOuGULzcrP
127,bnuku1bq5rBjxrefsM19Ta3rhwLVDm7ejSC0SSsIMpp_vI9TlHNKUCUO
128,3sJXjcu0zIrXxlZDnGK6vfBLpH5I2DwYmMoEAuTcKSxQGeUFZxnrZ1qa
129,3mUV7i_mgPErxLk-vvolWyQpdR3nWICuYEXBviLqTNrgAmA
130,UswB9qa8tJ65yy_ssV9Gvn4bJ6b9aS4GbVAbbNjPsf5CR-E
131,lN4fYrIzy6esf8KGdtKhjOUmMkbcWqy1ozzHQntoWUYDHnEb8IxR9aIE
132,IwUdVByP9tbzDqeCbOu6UlKjwX_-C8QNjnLwz3GVHgCydanDfK6ge1GL
133,cKLVe3lqwP6_YcQJFpD-28OuSwvb4kXBRhoFJbP2S2ZE4J4
134,FLCEPG95gDwj3XGlaAjj01e4ashyfVYVSPWLYeEHoUKi_gHKgJBInNsH
135,Wc2G9Zou1JbWhYb79ALCL_T1q03UWbbo90sN753-i2gEPHM
136,ORtWktqmbVYgnajbW-SMvVc_n2o6NTWNKc6qsLNjlg8N
137,z6n1uNFE2N_Kf9c4aAv6JBHrl1_x8LGWagtPVd6q551NwYk
138,ZHTLrttUzp4eCVpunLD7y9Zy0NTsmzmFexf4AkwB8V39fhs
139,tv0xIajuKyiVhY8hFFUUCdYQ2b0wWtNp9SmbaFHsneuQVeA
140,k1-bt5AqVdDm5rcTCEIb_8JmTmoF3JD3u5gaq22D8STVo1M
141,CMxdR8jVzMy8Ig8cU9nFYZOUG7KH0dOxOnf7BJcVGvpPZO3IlGhWStUv
142,0jj84PI8R5t5z6-LCMBUQSEKsvKdVjUmqN765iuw_q3_EmgNzjTxlFYL
143,yOTzFpAa6Dsuf2nb2S0fh2uxw3cHUxeipN_RQLpfEvjG
144,XZwHYZACG-xy65KyJV6n68tbf15jYQF96FD7DRLn541WKe2y95oZ_mpx
145,Ywwqwc1fwACI4XJQvEwplBUOvHEaqzQqmpSiEq4WfYgsCkc
146,e1phQooy88s1JB-4P2ibntVOCX-aWyueLQookN87KvhrzOY
147,q3-yiBfgclEjwWWQVwQm0-wVMVC0hJNcgtTmU60N4sjbyInCsD1xmFJ7
148,HKtTI31R-TiQmTcGnFLg2MeN4fSH6r_r6GxagVbgAlu2Omk0m_AY4mX7
149,_2og8eHWPKeu4VWB_927YoW1K7QKvATqi0rcUp-LxsP2PimStVL1Zp_V
150,5XMPbIs8AZNGas2HBPkiPDjEa3BF1XsxynCk430tJq10FJQ
151,3Is5PAkwDPwJLWTTmo6lftFHevIQB6n3tSMYyGoKerT8FZ4
152,9WA_RxDNhY8Pm2VfHBFzzxEjwRHl5PmUgZVnJCGxi0VHNXwNCQnaMUrI
153,kDQLHfG6XP_ZS9HtS1CIaBUywygFvX9iCKWlNb4Zj52vQZU1fdKoJaP5
154,KWvxQeFsBCOfI1-R-HlXeQ3oE7hdfU8e3FV0MJc-TEZ4
155,PtqVZSlkNNbahpR8ePjgoy1CJLP15xeZLzBfeT-BG9cGdOE
156,qr684svLAXT500dqdqcj1QlxJAhfFPhW4npzpwgZqfTYKsB8jUQPP-pJ
157,Q8hMp4NVUTK8fSrwtkvzwp8fDvklF_p9LyeqhiF-yIH5
158,vdR_kZ3XmXq5G08ewpqNH7-wpkj4bn1vCvLxQ2_Kv3P67FQ9h1x_IJ1G
159,qAC7m3wGw9fMxbL5MD_2S8-T5ADbH8WNmwudfLYU2mQ
160,9eDDW6IQHrKo0z8IzKuu7QupTfyKPhovVD5iVq5in7Dm5oo
161,sJgOg0_OdigLod_NCFqR_r_8ZK-9yaoy5C8_U1x2T0Zfae4l3jpNmBtQ
162,SluCvotEkoGS9H_o3YdyPwb1RZd15Vfwp9JQKxK1aFYfQTU
163,YbyZinoxR6g5Q3_q9OKkFi5rQhP7RSiuYlFsLMBLeB4QaEBTRDr3dwc8
164,Q0siG-e7XMIoOiynAHuv6K7GkDsjoiyjRDnQrlMLMYEGdtE
165,kdB3OAT4eiJYcKMAvQebGoPGTrTRWyBi0UFvLt9eP8uz8Yc
166,H5r5MxBvQlazh7kt_tbWszpL9WTDpw1NAyCqn6uvkjSiko5bjY_rI1cX
167,aLOzJKc64EEgmMVqzEACgXszKGkC7N4zVNe46WgzxTn_N_JgHR6oXOOq
168,S0WY-hPPoSj8Fid0ysaFDFfY2feBFhUXM7klQ8CHqbJx8PB_TvKKMdG7
169,U7vnZnsAy39kYzYmNp6-wGoq_PWKxo3W_qC7yUq1cfqM
170,gpFQYGSK1tQJM9PkXNj_ODULyloF5OkvzVhCbGMKQsRT414
171,mOCGa_drBO1Q4zUftGNn1Bj1s046kfHOChrQq0k1lbUArbY
172,80eBzbaYSnpUOpdkmZYizf2jmeDQ-DLK-uDWeQSGbYm9SfPOQ1OQ3tZt
173,mmjJISGkhx43oH7LcJwRWpvbQKoX0zXiwst__RUmypYFXMz0p7k5SPCq
174,_tJBUJcPaVFgQPPey2YGrUnu5pQp0Y5k5L5TANHmGAmGxfU
175,gkFQKwO7I-bHdn6wR5F7HI6jBtH0pBYFnJx161CFdl4uKaI
176,WeSbQUOqWZKDAGM3TazF6lQi7whyqREJjRDXIgPbGeu_mJI
177,ig-2Gb-pVVe06wjHFSZt-LMEKulqOwY30rRNOobrNa3nWXExPpap5G8N
178,b-zLx1HPYiXLVsJDWAlIVVxsUJuR0b_BLgffweSjo2c
179,BwSZVabddlPhScaNu7twRUmOqvSfE8BOQptn_TqDwudDPSYOqNhIsyTO
180,0JwB9IRkwASZzDERrnr1kbFDSh24-Z4Jqu5iDoqPD-ZhtzXx4c2Dd-jn
181,dDj9ihBYHEbeC8wXBYMEHSOSq5fdEF-aeEESn3yKHNHhYqdUaGGTP_7S
182,lE1tkBQGE5w7kRc04a5Kqm_O5Iz1CvjDHEFiHF7bzvpM1Re0djZNirUz
183,prirIafJypv3cFWiADfQx089Dazq0QWkF5wTWQNSL8atkIG_k8HygXvL
184,NHYCQ0dzLRS_FSol5YN_ZiLPiNOc5jrbF6EBRfXJaja4omc
185,doNa0YrbfPv5RvA2kDE9Y8EFIDJsOnMnSeRnDIMcsysJcqR2vCMhtBdo
186,Rhvp9GNixehTtVH4NkAWaQwijYpYRaD6GLZMLehD0o1_VnwTXSsS18aW
187,szaXPm-ajtJHI1FWBLhaU5iSz81MvnXKj0xSAf6YEmRmg7flnoQI7D0C
188,-LBg6igFcleyX2htjNT4ytadG-vU_F9nyvw4N7B9kjT9
189,MS0BPXLUp3TtPCAXXMXAApa28Bk1tvFv8ACQmTaVahOQNxA
190,dWwkSgzNKfdFeblldrjNL17YC7_qfDl_VybYLDLSLoKlEe0
191,MSpjcQgBE8Bd7oQwnOg7OiQenGe46X4EQxUjT-59gRl1V8w
192,OkQ5A-kM5k13E0iQLgoP1XHwxBRWhVJpAFJYHR_DefocXZ5mfAwYrdgK
193,x1l7N7EES46PV-g01QF_20EMcKNcQ6WNmVZ43qu3qU1Vjds
194,pi0r5v-0e5Zv73VYc_zQ16BPP9lUV41nxvgm4mO5fl75H3m9wjp4xvts
195,XJrXcrFmAAeQ5zDMgqjcBRbgOWaFpH6x3gGUEaA6b1SDbNyWTRzq6fpi
196,Epj-PSWSi5aVmC-WvfPd5vFAfQqJdTVz9wde67fKesOU
197,YNcc2tUFvjQ8xXJONUBDeQbg7cjFep_811cHQjFEzcXn5hI
198,iv6_dzKBW2qG_kKpkYx4ek8UXQjeMa3Boe68LZ26AElIxFA
199,Z2vrqeoIS49ixfuxZvlANgpkpJo6dHfYSlKJOj3OPRko
200,A0qgCcs-0wppZG7XW_RzFGFmOsdr8qAZRetJ3tl5U_7YwDG-Hzi7R6Vu
201,5iXRfQdhPctG9HKPQ0enZtXupv_FK_5YR9XLRNWQK537R2Q70yuf9kaH
202,EUf-m0WqXLqRtzt5fILq189y29TNDwFQ7o4Z5DB4iP9IDTA
203,A7pTwtqQ0rn7Vad_8CWS5QLI-YDBHFQkSTeQfr6fEJITazoznXQdfuFZ
204,R55Akp0iUrDSCxWLwUtwJ4hAcgNQU_mLPUZmLIESn2A8
205,X6XbSfPBO0OUKPMubDzCS6WKG76IhyYzvDv_X20O-XIXBReVJqkA8iFb
206,jj2HkgXzMhmnC6elFW-o5URgJ_IYveGWG0rWkuXEw7Cw
207,jW9W7f-Fe1LzORKqFExKye705nIWCE2T8KPqBpOqJjQDEPvJwjR4kfBb
208,AyRpGBufyRTjPmff1_Fg9RtFkuqX8RpfzIjSfMpYJ0rgv-roZzJnvwFL
209,QG-9Z_7YmNLsVLbCPOuneUD09LPjjJBccUGY9VKNtVGFAt8
210,xKPtfKXbIuPNyxShVWfYWngAIechzzlDg9Vu8h6KuDQlHC8
211,FELneiV23qCKID2wATT3JewApTjAyx4KLvSOK9UHxwuiM57Oqm_DykRH
212,k7LbSdaum1He9uQs8hzu9RWXhmiMeHISKtsn7jl3J2ih3Vo
213,Qjg-ASi2WhHQXxMkMqmuw9pAncfsOTzccAQBSXFKhx-EsYI
214,kl8WsheI39ok1NQtOLFskaD0YKiNi21R5EPsa-5G4QqC1NU
215,-yibtFERyaHiKmypa5h2iVWICMaOePxMiPWqEDSfbvNB3Mc
216,TxesejCIn_o2MRdhO6cLi9iLgMi-wAnfzy_7L_GkMpO9hcJ85IIAsLlt
217,K5sLri-JHPushC5UsFjUipiYwEMH8MyVrGUCOMuBOBWsp74
218,hA7e6ghpekiGrDhDgQrAa5TP8CJfsBCgXTAQFWOT8jp6DoI
219,re_FTNLdXcdKNuqocL34cG8S8IYBUIvRG2w9axNPf-9IXhI
220,Tp5yFRnWIauMCowTe3ujESZcpVTxaDm7ov7tr2tfWhc2LFQCQEQ6nd0x
221,WsbMzijpOuPGj59LgDPqCFheZQmQXfoC8647ZEgqHNwsnzo
222,uRYdzYOrQMqXGPHYzI8K8rOEdts-Cwyy7uBWHtswqt0o95DYyy8_ARku
223,xrYlY-U2xZDuzml2T0vPX6nmtt02ntM_DPh5F6iDAyMfXyw
224,qfyusRHyJW5leoG1mQKZh4G9aN8nOaJUyL-2juR5vmKpLWM
225,F-9dtu3vBmNj7ZXZQGkBkC0YNrp18Qr_4zuZwSLE03gtE_4EdLh7qT5Y
226,bhyjpgaCA_sO1Fdvl1B-ta4r6l5bwJ-xVQQ7tPu9m0Gq8XI
227,KsZ_ucCR3XSsqpFsMD8oFuaOZeCMmEQC2znlb2wyZi3e
228,ha72C_yLsqN8y4Ksn3eyyI34MgiGeejZGWuW8XeLgeQhna6UDtbPxXxc
229,pC2OWaW98bzwmG0TKndgmtfLtU1Ag8PoD26xsQJ4D1PYo5c
230,XXAuN5Yo9KRlWIgtqBGLmWjClFB8QpCYcyzA3LFvAHYVXHPN-F2zk9z1
231,xj8QcUIft_OTVsjBRJEf4jkO8nojE3IExnP7OhyhwVoldszSXqZFP9yw
232,V4mz_fUTsLU_nWa_x_EKa3O-N0I4PkwfY_KXrZRUXhLKMZE
233,5h9iZeC0KKUlDetuCVkkMfUB5WbEjgNNJ_jzkXsFilCUzEg
234,a-rtW7H4prTYd5dWmhrogeeqTBJ_2p4RCKOROHSqOLK1sQ1DoiQd1n2N
235,p5EN-UFnyQdxrj4qxs7yeIpv43LFo3Xhfxo6awJipGnfikM
236,BV1_HXoKdR-H70EApOK6UWpWbvWS6k4q5B5TYOkZu5pu47_eqdGD4tQP
237,m7GnToD9U3KykZH0S7OZ8IKWsspr9-2zQA0AUrh_arKN
238,gCO9hgQoF4ImOsZcEcnxyEbT5RJ5TohovtGZvRIf4H0
239,ue7qBnT4AwwzNMJnVrelMYTyl9syw9vrMdu9D7lQA-dCcNGqZY4KO_Ir
240,puWXiEkJtQNG0HRMS0Mw0_o-o1SHc7ikfxLvm-qZaV2s3OE9FKOS-QMe
241,wyVJZOn5fmOGw98Fji9B0nKgbF0hrSRWThFwmGuNcyPs4sM
242,pPjaMAOvILgnUf8mR6fUYe3M8-jkMoi_Ompsa5UmazFjSbWribcR6tT3
243,9O6Xhdr93b7m5j0260WUmX1xKMQZzVlfo02-4FwcYhcr
244,SdQU-29oiQGkBnKSGwa9mPfiANOPbTTlTalBOksXXiQa8kOdzJx5CK95
245,Mrk9JquXRq7YQAoxIZSE32K3vAmvmwtK5OnydbgQ4sTPcOsCOWL7Z2PG
246,lWVcWP2O1vU8_aKFtRXgSZzo8mheEVCft7xkI2pqlQieY8HWBdzxNFB1
247,sNHPZeL19ch15tGYPUaM9M2_fVaj_A4QC8kebnRX_NqerPU
248,pUISV8eC8SEYMXaxP8GcxNLeQFrkf6WbCtmH83rOPalEIpEDAXm7E1nQ
249,AqZvgx7nPPCIuWTVvjLA4fbht2bedn3OF88zdFjrbliA1BY
250,1ATxYslL4e_f6pYtF6ZLnzv_Gzz3TO3ot_FoxXVysdyWI0JmVbMHxsrU
251,Qv6qRTz4NvagoongrXFXHCdkDnWB6I6kl_yt--jNowx3qz2F8yTQGLQH
252,KwnRH2bdnAyI6F8TBXQNXu_-8EScInC18DStFS48TsWCBtvDwAzzZhJ6
253,BNfp7Ryn6KWHvxkI898wFSqR9B9galqifCnHYby0nm--Vr6yIppNkTse
254,jQ__3VOIa2xumUutwnp5A3fLV_fhRPSoaqWjJyNjbCmp
255,__S94KQFSIWM8JnHyPUaEzXLwvJWg1kzx82-4FafLidm
256,Mo8TIz8NLIL3nTFKM6W7VisbqyF3nna4tcIAfVgPS69Lkqc
257,EztVjgI0wL3TcbO8YpXwQO0S2lcmflX57hvzgrrK9-C895uBmU1ZE3VW
258,Yjbk4V_7V-I3e4mUnzn6JJDJNlTZ978lJFBsqYAh3ttg7Vk
259,YtK_3q8VpsgZ6u9AqkJcJCWUSUbI2oe26JWDmW6blYT-7cqCCJlSFR8q
260,PrO3y8wMVsHJaxI2gaydVAZxaIJlnwrvku91nIoDWSLQORha2CpK5Bzv
261,_VJjZaLfHbw6CBxOQyf96J6GQDrJxtj9-UnSVTlf3ZIA
262,CsLg1LbVZzjjm9Uhz80GRt-sgXdTFRTW5n5d6cfaO0upaOU
263,IC6n0U3zKcFF-om9pDHNxh6jBAjQ31EIB2C5xOGoQAxEvyYLfoERjgmJ
264,CRzgiXgra9DpfwDzNSDYVzRKzoSXXTvse-A0_OqeQbcWlGs
265,aP43OS57evZ4_YwaxVWMPfGN1Urj6-FMGAGq8As74-gUhxVdIrvx6ADY
266,Kz5z_8NcDuTmK08wjFcTLp-47TPWUkcj_qZTm1aDrUrBLaX_rHZV8hgb
267,HtgfXFqL8_1EVMJVtUoVwjQmyyp6bf5dmflimMb6GLwMp2YNxGF4R1F7
268,TYH8rtluO6I4Zdx-KxhATB_RN3L-FjeQj179h4EjpDcxvzc4Y4M1jdAE
269,FwJjRDN4FQ1I95Qi99nQn2RIclPzyBvOWdV6UKRolFdzb-z4bqL_Ph6j
270,Hm6o9kJpiutrhqMrlgFtYX2qSf2xI5ebZZvrE9hLCu7D1iUJqf1hAAe8
271,MjEDycBWpO1fEOj6n1XCS4KqWQ5J7lUDeorga9AToZrsnHs
272,CZZdub2mykXdrSOZO-bZpcMklY2s_WVIBCtcNaOO5VKhqNHLSV-6Y1-K
273,bRrMEAamn75lTyXYrhfrdtNV402smBSI4wAaJkjx2G27An1cBMp8Xzjw
274,z6viI2HmwaApoDVtvGNJfWMP5JAneK62G15aMn1gk90rmBkZTdI4d4gb
275,xT8aw0lVwnUhEaaMzOBvi7u6xH9Ba6_w7jI2iw8IhOEMkKoBl4TBVUIt
276,0Wdnm8jZl3_dbnOABdQREfc19lgMrATaX4QEpSe7ABE7-ICjSPvkzBgt
277,gYcbrPyenBBcyEXCpO7PtTlxyUAu8BvtXtntvaObJ4P-JbY
278,QHi8g5fwSnMp_8N7NtHG8fyDIruTkgRaUd_omxLj1qi0NeBvijkWIfXG
279,QuETckN1KS57jjfU-qVa9ruOAmg7a_7VRDRZ9FDCY3pMAQqs7omfxQw5
280,M5RAvvT2u7c2RLpVbXygLYCjnedu7b6znG_NM-yO5YlULfNQDceC5iFX
281,sBt4hSgKnbKCnYQiw365jgJdCRVY9c-Zik_R5IPmDZFPoE2k2-QnCG_i
282,HRz2LShN1gzUqHCR7VeJgcGDDa4OgqUzluaKOy8HzZq8J2gAgKQ-U9go
283,zw-fUrPPqQUfo6wiYA863t5LKkBfn0Ku2-9WadoupfhSh8I
284,k48ZFoqmx9mbJOZwLD6F9ADamWJ-cDDbW_CFGkp5g2JlN9pMmofcv_OE
285,FGG_v4ibIpDLVGJm18WsUBPUm80It22m-YmnXaMCc182rihazntPrzG3
286,pQKbmvrkIQqw8cbYgdM-Pa9pVFnX-0HpR0Ao07QlP0ZNEGk
287,pX2BRkIxkIc1e3b5alkc7h3aVKi16XbvbMtdgURNHXNXpXkJ2D_NGGtc
288,oR2eMcseJ--ZNpryCVWjjUzrw7hAoK_JtLGazmOxUFFKHK0
289,rQlmtRF8_kwMPBcfKa9uy8wGUaUxoT6Xj780tnDYuVlJGMM
290,hCMtgVJJMEQfF2y0UsECbnIem8YXS0nVKfgT4EcP13ABlkd-ciWkKPcE
291,PVI8LcFzy4LCZhkQEhKshFzHGIyapkv3cg7rsX_6hEF6PIti18fNfk0O
292,DTHUGKy8SAwAhoYuMTYGCDAezvNrCtZA2ALjcE6Cq51ojAY
293,hzv3UB3Ymq1ysEjiSDrn4_6DGVVK6zVBviVkJpROKKTe
294,B7p_Q2iSyZCl-DrbjKdSsCsrEk6Q5DY-HrC9FJF2VABINPpX3kpObdiQ
295,eSQwhww2ZSMW_P-rUBDoZmpLTk4zUf_FGtRP_nYSBefYxbM
296,zwzQkMqKiFv1lzx3TdxDnwXZSmOIRXogGAh0Lriwyi3tMpY
297,JDOOPmhi2nZ6_1EJd-rH-kVoYnjQN4i_0hfazGEmHXVAxOav-qUsPcpm
298,2R39n7VEq8qwdDOp8JmdDJJx1jkPyvXIAPACg12R42rJBB0
299,45Q_ahoWVfEbYfXWlzSngVRsASzRyqe338j5Dm_EqKPishE
